id,name
177,Joel  K. Ngeno
178,Timothy  O. Okello
179,Rose A.  A. Otieno
182,John  L. Tamar	
183,Nyongesa  E. Nafula
186,Emily  Ominde
180,Teresia  M. Mwangi
181,Dennis  Abraham Kinaro	
187,Teresia  Matheka wekulo
188,Anne  Wanjiru Mwangi
189,Lucas  O. Onyina
190,Letizia  M. Wachira
120,Reuben  Nyakundi
121,Antony  Ndung'u
125,Dominica  Nyambu
130,Peter  Ndwiga
192,Opande 	 Sammy Aswani
191,Mwangi  Agnes Wahito
195,Julie  Oseko
196,Lawrence  M. Nthiga
197,Asenath 	 Ongeri
256,Susan  M. Shitubi
257,Mary 	 	 Immaculate Gwaro
258,Pamela      Achieng
260,Wesonga  Joy Shiundu
263,Lily 	 M. Nafula
131,Elena  Gathoni Nderitu
132,Daniel  Ole Keiwua
133,Carolyne  Ocharo
134,Anthony  K. Mwicigi
135,Ase 	 Meresia Opondo
136,Esther  Kimilu Kalunde
137,Derrick 	 Khaemba Kuto
138,Kiema  	 Maxwell Katiwa
128,Joshua  Kiarie	
124,Liz Lynne  W. Gicheha
261,Felix  Makoyo Omweri
194,Ondiek  Charles Nchore	
122,Patricia 	 Gichohi
129,Paul  Biwott
117,Jacob  ole Kipury
147,Kennedy  Bidali
148,Wilfrida 		 Mokaya
149,Angela  Njeri Thuku
150,Moses  K. Serem
153,Lucy  M. Njora
154,Peter     M.Mulwa 
155,Kennedy  L. Kandet
156,Caroline  Kabucho	
157,Theresia  Wairimu Murigi	
158,Omido  Joe Mkutu
159,Faith  K. Munyi
162,Tripsisa  Wamae
163,Roselyne  Oganyo
164,Charles  Obulutsa
165,Francis  Andayi	
167,Peter                     Nditika
168,Stella  Atambo
170,Lilian  Arika
171,Timothy 	 Nchoe Sironka
213,Sani  Jared Nyangena	
201,Samuel 	 Atonga
202,Thomas  Obutu Atanga
203,Shinyanda  Phylis Lusuah
204,Adika  Harrison Musa Sajide
207,Victor  W. Ndururu
208,Calestous  Sindani Nambafu
209,Rwito                  Angelo Kithinji   
210,Ongondo  James Ongondo
212,Rachel  B. Ngetich
215,Philip  Mutua
217,Makokha  Margaret Nafula
166,Abdulqadir               Lorot Ramadhani  
219,Robert  M. Oanda
223,Kutwa  Ariba Charles
226,Samson  Ongeri Omwenga
227,Waigera 	 Leah Njambi
229,Omwansa  Obae Bernard
225,Nicholas  N. Njagi
231,David  Kemei
232,Edwin  Nyaga Muriuki
152,Judith 	 Omange
239,Anne  C. Onginjo
241,Gilbert  K. Too
145,Jane  Kemunto Ocharo
224,Maureen Cherono Nyigei
143,Eunice  Cherotich Kimaiyo
237,Makila  Symphie Nekesa	
211,Millicent  Chepkurui Nyigei
142,Ziporah  Wawira Gichana	
174,Peter  Wabomba Wasike	
222,Paul  Matanda Wechuli
230,Nelly  Chepchirchir
175,Moses  Wanyonyi Wanjala
199,Lucy  Gitari
269,Peter  Bunde Miser
221,Owiye  Chrispine Otieno
295,Josephine  Nyatuga Maragia
247,Nobert  Obunde Okumu
240,Samuel  Kibet
141,Gilbert  Omuyaku Shikwe
140,Evans  Ayiema Mbicha
200,Ezra  O. Awino	
216,Maiteri  Dorcas Wangeci
151,Paul 	 K. Rotich
264,Hazel  Wandere
243,Lucy  Chebet Kaittany
246,Joseph  Were
248,Daniel  Ogola Ogembo
249,Naomi    Wairimu
250,Charles 	 Mwaniki Kamau
252,James  Macharia Muriuki	
254,Peter   Ndege
267,Olwande  Everlyne S.A. 
268,Kiniale  Lilian Nafula
270,Abuya     Nabwire Stella
271,Maureen  Lambisia Nabibya
272,Grace  Mmasi
273,Benson      N. Ireri   
274,Mwangi  Susan Njeri
275,Julius  K. Ngarngar
276,Muleka  W.Evans
278,Margaret  Wambani Onditi
279,Benjamin  A. Mitullah
280,Christopher                  L. Yalwala 
281,Peter  Nyagaka Areri
283,Sebastian  G.O. Ratori
284,Enock 	 Chirchir Cherono
285,Boaz  Maura Ombewa
286,George  Rachemi Sagero
287,Nanzushi  Anyona Martha
293,Mildred  Munyekenye
294,Innocent  Toyo Maisiba
297,Wilbrodha  Juma 
300,Joane  N. Wambilyanga
301,Mulongo  Christine Wekesa
305,Macharia  Florence Wangari
308,Daniel 	 M. Ngelu
235,Koskey 	 Purity Chepkorir
309,Onkwani  Hellen
310,Wendy  K. Micheni
311,Murage  Margaret Wanjeri
313,Elizabeth  Nyarangi Juma
314,Kituyi         Brenda Naswa
315,Mukhwana  Jackline Wekesa
317,Jared 	 O. Magori
318,Anne Wanjiku Nyoike
319,Stephen  N. Mbungi
277,Walter 	 N. Nyarima
303,Vincent  Obondi Nyakundi
290,Nyagol  Judith Achieng
265,Nasike 	 G. Sitati
299,Evans  Makori
282,Martha  Awidhi Agutu
244,Vincent  Mugendi Nyaga	
298,Shadrack               Okato 
306,Reymond  Kibet Langat
289,Peter  Oduor Ooko
296,Christabel  Irene Agutu
302,John  Ochoe Aringo
343,Margaret  Gitonga
234,Joseph  N. Nyakundi
242,Ruth  B. Nabwire Maloba 
255,Temba 	 A. Sitati
288,Stephen  Kalai Ngii
238,Lawrence  Kyasya Mwendwa
291,Kiarie 	 W. Kiarie
292,Barbara  Ojoo
347,Daniel  Ochenja
266,Geoffrey  Ontita Kimanga
307,Lucy    K.Mutai
351,Evans  Hezekiah Keago
245,Judith  N.N. Wanjala
236,George    M. Atunga Ong'ondo   
348,Susan  N. Ndegwa
349,Cheruiyot         Kenneth Kipkurui 
336,Walter   Onchuru  
352,Jalang 'o Stephen Samuel Wadida  
353,Mwangi 	 Thomas Muraguri
354,Mogire 	 Onkoba
355,Ochoi  Bernard Maina
322,Doreen  N.Mulekyo
340,Benson  Musyoki Nzakyo	
341,Ngumi 	 Wangeci
357,Margaret  Wachira
358,Lucy  Hiuhi N. Mbugua
359,Robinson  O. Oigara
360,Ocharo 	 Duke Atuti
332,Gesora  Tito Maoga
333,Kithinji  Cecilia Karimi
329,Theresa  Bosibori Nyangena 
320,Khaemba  Bryan Mandila	
330,Kinyanjui  Manuela Wanjiru
323,Martha  W. Mutuku
324,Desderias  Ambiro Orimba
344,Otieno  Awuor Clarence
345,Godfrey                       Oduor  
362,Nandi  John Paul
363,Samuel  M.Mokua 
364,Makau   Agnes Ndunge
365,Rosemary  Kimingi
366,Dickson        Odhiambo Onyango
368,Mwinzi  Shadrack Mwendwa
376,Caroline  Kerage
377,Mayamba    Charles Alberto Obonyo  
379,John 	 G. King'ori
381,Sarapai  Lyna Nafuna
388,Makungu            Rose Nyanunga 
389,Mwangi  K. Mwangi 
390,Too  Edward Kiprono
391,Simiyu  Lester
394,Teresia  A. Odera
396,Davis   G. Karani 
398,Monica                         Nyarango 
399,Kahuya  Irene Marcia
325,Bernard  N. Ndeda
370,Mercy  Nasimiyu Wanyama
342,Eric  Otieno Wambo
338,Lorraine  Dinna Ogombe
328,Agneta  Atieno Ndege Ogonda
327,Stella  Nekesa Telewa
331,David  Munyao Ndugi
337,Arome  Simon Kaigongi
393,Angeline  Achieng Ann Odawo
418,Erick  Musyoka Mutunga
408,Elizabeth  Murugi Muiru
375,Alex  Kimanzi Ithuku
425,Robert  Gitau Mundia
392,Miriam  Mugure Peter
397,Opanga  Martha Akoth
380,Dolphine  Okundi
382,John  Waweru Wang'ang'a
367,Mburu  David Wanjohi
384,Bildad                            Ocheing 
321,Christine  Asuna Okello
356,Eunice   Kagure Nyutu  
361,Daisy  Jepkemboi Mosse
326,Cheruiyot  Willy Kipkoech
335,Charity  Mutai
373,Peter 	 N. Kiama
403,Karanja  Joseph
404,Yator  Rhoda
405,Nyakweba  Henry Nyabuto
406,Michael                   Kizito Oduor   
407,Mwangi  Patrick Wambugu
409,Alfred  G. Kibiru
410,Kimemia  Beatrice Muthoni
411,Lesootia  Alberty Satabau
412,Mutai  Samuel Kiprotich
414,Hezron  Nyaberi Moibi
415,Awino 	 V. Otieno
417,Ben  Mararo
419,Stephen  O. Mogute
421,Rosemelle  Mutoka
422,Maundu 	 Cosmas Mutungwa
423,Joan  Irura
424,Adet  Vincent Okello
427,Sogomo  Gathogo
430,Stephen   Riechi  
432,Joyce  Mkambe Gadani
433,Richard  O. Odenyo
434,Samuel  Kimunya Gacheru
435,James  Omburah
437,Elvis  Michieka
438,Ekhubi  Ben Mark
439,Betty  Chepkemei Koech	
440,Irene  Ruguru Ngotho
465,Matutu  Dennis Kiprono
448,Nathan  Lutta
449,Shikanda  Yusuf Abdalla	
452,Justus  Mulei Kituku
453,Sylvia 	 R. Wewa
454,Mildred  Abura
455,Kangoni  Edgar Matsigulu
457,Linus  Nyakundi Mesa
459,Douglas  M. Machage
461,Orenge  Isaac Karasi
462,Chesang  P. Maisy
464,Robinson  K. Ondieki
467,Elizabeth  Katiwa Usui
470,Johnstone  Munguti
475,Samuel  Muthee Wahome
478,Hannah  Njeri Ndungu
420,Munene  Andrew Githinji
402,Hosea  Mwangi Nganga
413,Sandra  Achieng Ogot
442,Kitagwa  Musimbi Renee	
395,Linda  Akosa Mumassabba
501,Selina  Nelima Muchungi	
445,Lilian  Tsuma Lewa
444,Vicky  Adhiambo Kachuodho
495,Mary  Anjao Otindo
450,Caroline  Muthoni Njage
458,Eugene  Melville Kadima
496,Victoria  Achieng Ochanda
436,Timothy  Ole Tanchu
468,Aminga  	 Abdurahaman Ondieki
480,Viola  Jepkorir Yator
369,Eva  Wanjiku Wambugu
471,Bernard  Kasavuli
473,Moses  Oyoko Obiero
401,Gichimu  Josphat Waititu
479,John                        N. Onyiego
482,Linus  Pogh'on Kassan
484,Charles  Soi Mutai
485,Samuel  M. Mungai
486,Loise          C. Komingoi  
487,John  N. Muniu
488,Felix        Kombo
489,James.       N.Mwaniki
490,Mutiso  Gerald Muuo
492,Nthuku  Judicaster Nthambi
498,Stephen  M.Githinji
499,Esther  Boke
503,Heston                           N. Nyaga
504,Towett  Chemosop Alice
506,Charles  C. Mbogo
507,Dolphina 	  A. A. Kayila
508,Francis  N. Kyambia
509,Thomas   Nzyoki
511,Obina  Ezekiel Angaga
510,Elizabeth  Chepkoech Tanui
512,Mary  Wanja Njagi
547,Bernard  O. Ochieng
517,Beatrice  M. Mosiria
518,Richard  Kipkemoi Koech	
519,Adhiambo  Gladys
521,Maxiwell  Gicheru
522,Julius  Makut Nangea
523,Jacinta  Atieno Orwa
524,Solomon   K. Ngetich
259,Kendagor  Jepyegon Caroline
528,Wilson  Kaberia
529,Joseph  Ndururi	
532,Kasam  Juliet Atema
534,Jacinta  Dibondo Kwena
537,Ndombi                    Mugeni Rose
539,Samuel  Soita
540,Bett  Evanson
544,Wilkinson  Nyaga Njage
548,Mokoross  Amos Kiprop
550,Patrick            Olengo Adol   
551,Samson   O. Temu
552,Akala                    Mary Ashisero 
554,Ronaldine  Mocho Washika
505,Hannah  Wamuyu Wanderi
494,Amwayi  Ritah Mukungu	
502,Electer  Akoth Riany
525,William  Otieno Oketch
546,Zainab  Abdul Rahaman
466,Kitur 	 Wilson Kipchumba
483,Mutegi  Martin Kinyua
549,Monica  Nasiche Munyendo
513,Ireri  David Muchangi 
555,Martin  Maina Wachira
542,Ochieng' Melanie     Celestine Awino
460,Lewis  Kamanga Gatheru
543,Jackson  Obuya Omwange
561,Edwin  Wasike Nyongesa
463,Abraham  Karugia Gachie
571,Margaret Wangari Kurumbu
545,Celesa  Asis Okore
553,Simon                            R.Rotich 
491,Mayova  Paul Mutia
536,Mary  G. Chepseba
557,Khapoya  Benson Sikuku	
559,Harrison  Barasa Omwima
564,Matata  Kimutai Bethwel	
565,William   Chepseba
566,Denis  Mikoyan
567,Alice  Bitutu Miecha
572,Patrick valentine Wasike
573,Timothy kariuki
562,Jesse   Njagi Nyaga  
574,Virginia Wambui
569,Peter  Omuyele Muholi	
205,Jared  Owino Sala
563,Carolyne  Kenda Obara   
578,Zacharia  Joseph Nyakundi
527,Patrick  Wandera
220,Dorah  Chepkwony
443,Everlyne   Makungu Onzere
139,Agande  Savai Eddah
214,Simon  Kimani Mburu
144,Fatuma  Mwanza Rashid
541,Margaret  A. Kasera
146,Isabela  Nekesa Barasa
580,Mary  Anne Wambui Murage
218,Kipyegon 	 Bernard Rugut
161,Muchege  Gerald Gitonga
172,Charity  Cheruto Kipkorir	
173,Leah  Wandia Kabaria
184,Linda  Chebichii Kosgei
228,Nelly  Wangechi Kariuki
185,Macharia  Wambui Alice	
193,Tom  Mark Olando
233,Kirugumi  Grace Wangui	
251,Caroline  Rose Tabuche Ateya
514,Caroline  Mutenyo Watimmah
253,Kimeto  Joselyn Rino
576,Judith Namisoho Mulama
262,Dennis 	 Onyango Ogal
316,James  Jesse Masiga
515,Bartoo  Jerop Brenda
374,Fredrick  Mayaka Nyakundi
383,Caroline 	 Kemei
387,Peter                      N. Gesora 
400,Japheth  Cheruiyot Bii
416,Irene  Wangui Gichobi
520,Limo  Byson Benjamin
577,Kibet sambu
526,Kulecho 	 Yiswa Phoebe
530,Maureen  Iberia Shimenga
581,Ann Muthoni Asugah
533,Nancy  Nang'uni Barasa
538,Nicodemus  Nyamwega Moseti
579,James Ang'awa Atanda
558,Edwin  K. Mwaita
568,Kiptoon  Vincent Kibichi	
582,Esther Nyaikai Onchana
346,Anne  Ruguru Ireri Maina	
556,Charles  N. Ndegwa
531,Mathias 	 Okuchi
123,Teresia  Ngugi
493,Aganyo  Rosaline Adhiambo
